Participant number,DMP1,DMP1_Link,DMP2,DMP2_Link,DMP3,DMP3_Link
2170,X_2,1DIKVwnYh6vG_PBufH1r_yPkxhacwIGj9,Y_10,1x9eSJekb7iEmzYQdoD0tx3dvM6CZp1sD,Z_4,12mSgRpCsg4eXQX_r42R1EnOQk7fTfGdJ
4830,X_10,1_Bspsff6z30edP8emgDE2Mj2jfeSGVDr,Y_4,1QBFRyFsro4SjLQgTwsvbHOKC25aOxLfd,Z_7,12mT9ZCWz0EdNBckGtxKgZjaZsl2hlmOL
1379,X_4,19sktn4xOHqYR2hP86-5QzrptajxvWcIY,Y_7,14yrL7nx48V1kDEFp0xKxDasmBecmHixf,Z_8,10-zvXwH9Wp4aBLEP8is_34nY4VmP4XlC
2205,X_7,1DYo1qqXmF-QIvbuvijSUGDJw3AZUiB0B,Y_8,1_zfyLzASyprRmYNEmDLh1ftlU1OZ5XGe,Z_6,1JtSsSINDh9xZq-eEhucgCjnm3aebkLvs
3091,X_8,1YPLHsMds4kcsK761Mu1OXOxKzmt6K5JH,Y_6,1TuitjFuQ7X4OqKMgPHpWbeUSNM3ASUIs,Z_5,1Swi_cEcaS5127FshdQNv4gytY6VoRVbh
4126,X_6,1uM6mHxVu4BydrapefgTSmnlirDkkFiO7,Y_5,1V1x_tu_d1b06FWOBl2gsMezwyhqflTj1,Z_9,1AjwE7bC0GFmeTKZCwdTIdM4ns3-tTC2Y
5340,X_5,1bq67e9RU136uEYJUuGG3dDz9Vz-9fZYb,Y_9,1_8iMaTThHsUCsTIowXTIkZ-Q8V4P7ZEu,Z_1,1Rv-zjBrpX3DRAeuBu5tWohr_Xe6GMh97
6078,X_9,18dh2SeCHtX5tY-23xDDU_vVY2yu9uUKm,Y_1,1VJ_ZFcqcWjMs5a47GY53L_rlkmJN2s3A,Z_3,19MtF1TqEX-RQ9fJ5q4F-kKuSi93r23up
7124,X_1,1xxloK1J6szBpYKINwQdCvygsXQXuHpEs,Y_3,1qFAerK8WXstlwrTeuiueRhyecdgEFc-R,Z_2,1B5p24zCr8JrH0wSiT6KGhoWJIoHbeEiM
8053,X_3,1iy_Oo21lkQ-lFh_1609I3J_lQoF4uNpB,Y_2,1JE8izzLXK2xAB5U1Ht80WzPLCAXdoTve,Z_10,1Jmp4rsU3P_t1vxm0tDMxhx_5O1L4PeDT